unit	sample	library	platform_unit
MP341F1	MP341F1	MP341F1	H2NC2DSXY.2.MP341F1
MP341F1run2	MP341F1	MP341F1	HJWNGDRXX.1.MP341F1
MP349F1	MP349F1	MP349F1	H2NC2DSXY.2.MP349F1
MP349F1run2	MP349F1	MP349F1	HJWNGDRXX.1.MP349F1
MP353F2	MP353F2	MP353F2	H2NC2DSXY.2.MP353F2
MP353F2run2	MP353F2	MP353F2	HJWNGDRXX.1.MP353F2
MP359F2	MP359F2	MP359F2	H2NC2DSXY.1.MP359F2
MP359F2run2	MP359F2	MP359F2	HJWNGDRXX.1.MP359F2
MP359N	MP359N	MP359N	H2NC2DSXY.1.MP359N
MP360F	MP360F	MP360F	H2NC2DSXY.1.MP360F
MP364F2	MP364F2	MP364F2	H2NC2DSXY.2.MP364F2
MP364F2run2	MP364F2	MP364F2	HJWNGDRXX.2.MP364F2
MP364N	MP364N	MP364N	H2NC2DSXY.1.MP364N
